emp_id,emp_name,age,city,dept_id,hire_date
1,Neha Singh,30,Mumbai,4,27-05-2021
2,Neha Pandey,48,Pune,6,19-01-2021
3,Deepak Kumar,50,Delhi,7,17-05-2020
4,Sachin Nair,26,Mumbai,9,07-01-2020
5,Sachin Kapoor,50,Pune,6,06-06-2022
6,Ashish Patil,43,Pune,9,27-05-2019
7,Meena Jain,42,Hyderabad,8,20-12-2019
8,Ashish Kapoor,47,Pune,3,01-12-2022
9,Swati Jain,43,Pune,9,26-11-2020
10,Sachin Saxena,32,Bangalore,30,12-12-2022
11,Rahul Tiwari,39,Mumbai,5,26-04-2021
12,Simran Mehta,27,Mumbai,1,16-05-2020
13,Neha Verma,24,,1,25-03-2018
14,Amit Patil,21,Mumbai,1,15-06-2022
15,Simran Gupta,44,Dlhi,5,22-11-2019
16,Meena Sharma,49,Hyderabad,7,02-11-2022
17,Swati Gupta,47,mumbai,8,03-06-2022
17,Swati Gupta,47,mumbai,8,03-06-2022
18,Arjun Kumar,48,Pune,5,21-06-2019
19,Swati Arora,22,Chennai,3,27-11-2018
20,Kavita Mehta,,Mumbai,4,22-04-2019
21,Deepak Singh,40,Hyderabad,5,02-11-2021
22,Ritu Jain,26,Delhi,2,09-05-2019
23,,42,,5,01-01-2021
24,Vikas Yadav,,Mumbai,10,15-04-2018
25,Ritu Kumar,21,Delhi,2,04-06-2021
26,Sneha Reddy,34,Bangalore,5,11-02-2019
27,Amit Mishra,39,Chennai,1,06-08-2019
28,Amit Patil,27,chennai,6,13-03-2020
29,Deepak Gupta,24,Pune,6,05-08-2021
30,Vikas Yadav,22,delhi,8,19-08-2019
31,Sneha Mishra,36,Bangalore,7,24-03-2023
32,Meena Reddy,34,Mumbai,2,14-04-2021
33,Ashish Mehta,34,Mumbai,2,10-02-2023
34,Neha Gupta,42,Pune,3,09-12-2020
35,Priya Mehta,43,pune,3,07-01-2023
36,Kavita Mishra,46,Mumbai,3,13-08-2020
37,Deepak Sharma,37,Pune,5,09-04-2020
38,Ankit Arora,43,Pune,2,09-04-2022
39,Simran Kapoor,49,Pune,1,03-10-2019
40,Deepak Kumar,21,Pune,4,02-02-2022
41,Ashish Saxena,47,Mumbai,4,16-07-2019
42,Ashish Pandey,34,Hyderabad,9,05-03-2021
43,Kavita Mishra,38,Delhi,2,26-03-2022
44,Ashish Iyer,,Bangalore,2,10-06-2021
45,Sneha Nair,47,Pune,3,21-04-2018
46,Kavita Iyer,30,Pune,1,21-01-2020
47,Neha Kapoor,30,Hyderabad,3,17-09-2020
48,Nikita Reddy,46,Bangalore,7,27-11-2020
49,Rahul Kumar,25,Pune,2,23-09-2019
50,Neha Kaur,24,Hyderabad,7,21-10-2022
51,Sneha Yadav,36,Delhi,5,02-08-2020
52,Arjun Mishra,24,Mumbai,8,24-01-2019
53,Sneha Nair,41,Mumbai,6,29-07-2019
54,Swati Kumar,45,Chennai,5,25-12-2020
55,Swati Singh,49,Pune,8,29-06-2018
56,Kavita Tiwari,26,Mumbai,7,18-01-2018
57,Nikita Tiwari,41,Hyderabad,6,10-10-2019
58,Rohit Iyer,25,Mumbai,5,02-07-2018
59,Manish Yadav,32,,10,07-05-2018
60,Arjun Nair,31,Pune,2,24-11-2019
61,Swati Chauhan,40,Delhi,9,12-09-2022
62,Swati Saxena,33,Hyderabad,8,2018-13-09
63,Ritu Chauhan,39,New delhi,9,18-02-2023
64,Kavita Singh,24,,4,21-12-2018
65,Amit Gupta,,Delhi,8,10-05-2019
66,Rahul Iyer,,Delhi,9,25-02-2023
67,Amit Kumar,,Hyderabad,9,27-08-2018
68,Simran Mehta,31,Delhi,7,26-01-2023
69,Sachin Kumar,47,Chennai,4,22-12-2018
70,Vikas Yadav,31,Pune,2,25-02-2021
71,Pooja Iyer,28,Hyderabad,3,02-12-2021
72,,33,Hyderabad,3,04-07-2021
73,Amit Jain,48,Pune,3,09-05-2021
74,Manish Verma,50,Delhi,2,07-11-2021
75,Deepak Reddy,29,Mumbai,9,11-03-2021
76,Rahul Arora,42,Chennai,5,18-04-2023
77,Amit Yadav,37,Bangalore,4,30-05-2020
78,Arjun Nair,33,Pune,5,13-06-2021
79,Rohit Pandey,31,Mumbai,3,27-01-2020
80,Swati Iyer,25,Hyderabad,5,16-11-2022
81,Rohit Kapoor,21,bangalore,6,30-04-2018
82,Manish Kapoor,23,Chennai,1,02-08-2019
83,Ashish Pandey,44,Mumbai,10,04-07-2020
84,Ankit Singh,48,Mumbai,4,20-06-2021
85,Manish Pandey,27,Pune,5,25-09-2021
86,Simran Gupta,35,Chennai,8,23-05-2023
86,Simran Gupta,35,Chennai,8,23-05-2023
87,Vikas Reddy,49,mumbai,9,13-10-2021
88,Amit Verma,24,Pune,6,2020-30-02
89,Meena Pandey,,Pune,1,22-09-2018
90,Arjun Yadav,30,hyderabad,2,06-08-2021
91,Nikita Kapoor,22,Chennai,5,27-08-2020
92,Neha Kapoor,32,Bangalore,6,15-01-2020
93,Ankit Iyer,22,Hyderabad,1,17-12-2019
94,Nikita Verma,45,Delhi,7,07-05-2019
95,Kavita Nair,47,Delhi,3,27-08-2019
96,Amit Verma,33,Hyderabad,6,16-08-2018
97,Swati Singh,33,,5,2021-06-32
98,Simran Verma,46,Hyderabad,7,23-09-2018
99,Deepak Patil,34,Hyderabad,8,29-11-2018
100,Meena Saxena,26,Bangalore,7,12-03-2021
101,Ankit Mishra,28,Mumbai,1,09-08-2022
102,Vikas Saxena,50,Pune,10,20-06-2019
103,Ankit Kaur,35,Pune,4,12-02-2021
104,Nikita Nair,49,Bangalore,7,28-08-2018
105,Ritu Saxena,47,hydbd,10,13-04-2023
106,Sneha Kapoor,26,Mumbai,8,21-12-2021
107,Kavita Arora,41,Bangalore,5,04-10-2021
108,Manish Sharma,21,Delhi,6,23-10-2019
109,Swati Tiwari,46,Mumbai,10,10-09-2020
110,Vikas Saxena,,Pune,8,14-10-2018
111,Neha Sharma,21,Pune,10,21-02-2019
112,Simran Saxena,39,Bangalore,8,11-08-2020
113,Ankit Singh,32,Hyderabad,3,07-01-2023
114,Simran Kapoor,35,Chennai,5,18-04-2021
115,Rohit Kumar,32,Delhi,4,28-01-2022
116,Swati Nair,50,hyderabad,4,03-01-2018
117,Swati Singh,33,Chennai,1,22-01-2018
118,Sneha Mehta,23,Hyderabad,3,20-10-2018
119,Deepak Singh,49,Pune,5,10-08-2019
120,Amit Kapoor,26,mumbai,8,10-03-2023
121,Rohit Verma,28,Pune,6,24-07-2021
122,Priya Mehta,31,Mumbai,2,03-02-2020
123,Rahul Kumar,34,Chennai,4,28-09-2019
124,Nikita Sharma,48,Bangalore,1,08-10-2018
125,Meena Arora,49,Pune,2,15-01-2018
126,Rahul Gupta,39,Chennai,9,22-09-2018
127,Rahul Kaur,23,Chennai,7,07-03-2019
128,Ritu Verma,38,Bangalore,3,15-12-2020
129,Pooja Verma,44,Pune,5,14-06-2021
130,Nikita Mehta,42,Hyderabad,2,05-01-2021
131,Manish Gupta,35,Mumbai,4,08-04-2018
132,Sneha Mehta,32,Hyderabad,6,2020-30-02
133,Simran Verma,26,Mumbai,2,13-08-2021
134,Priya Arora,,Delhi,7,04-01-2018
135,Rohit Chauhan,46,Mumbai,4,31-05-2023
136,Sachin Reddy,33,Pune,7,21-12-2018
137,Ritu Reddy,31,Pune,10,17-01-2018
138,Ankit Arora,48,Pune,8,08-12-2020
139,Ankit Nair,27,Bangalore,9,26-12-2022
140,Rohit Kumar,35,Mumbai,9,09-07-2018
141,Sneha Nair,49,hyderabad,5,22-04-2019
142,Kavita Chauhan,37,Mumbai,9,24-07-2019
143,Swati Jain,50,Chennai,1,23-05-2022
144,Meena Yadav,22,Bangalore,3,04-07-2020
145,Neha Yadav,49,Chennai,6,24-01-2018
146,Ritu Kaur,43,Chennai,2,07-09-2021
147,Kavita Verma,,Delhi,4,22-06-2023
148,Ashish Kapoor,39,Chennai,1,07-06-2018
149,Rohit Sharma,29,,10,10-02-2018
150,Sneha Jain,26,Chennai,4,22-03-2019
151,Kavita Saxena,24,Hyderabad,4,07-04-2018
152,Rohit Kaur,26,Mumbai,10,14-02-2019
153,Simran Reddy,25,Delhi,4,05-08-2018
154,Sneha Iyer,23,Mumbai,10,19-09-2019
155,Sneha Reddy,30,,8,23-10-2020
156,Arjun Saxena,40,Bangalore,2,04-05-2023
157,Nikita Nair,23,Mumbai,10,21-10-2018
158,Meena Sharma,25,Mumbai,4,02-08-2018
159,Manish Tiwari,46,Mumbai,1,04-02-2022
160,Neha Sharma,37,bangalore,4,12-05-2019
161,,39,Pune,9,26-04-2023
162,Amit Sharma,43,Mumbai,9,06-02-2023
163,Ankit Mehta,44,Mumbai,3,25-10-2021
164,Amit Sharma,21,Chennai,10,06-01-2018
165,Simran Tiwari,45,Mumbai,2,11-12-2018
166,Rohit Singh,29,Bangalore,3,23-11-2022
167,Manish Chauhan,24,Mumbai,6,03-01-2022
168,,43,Pune,4,16-07-2022
169,Nikita Arora,33,Delhi,8,14-08-2019
170,Priya Arora,26,Chennai,4,16-11-2022
171,  Pooja Sharma,39,Chennai,3,17-12-2021
172,Neha Verma,29,Delhi,3,18-11-2018
173,Meena Patil,48,Chennai,7,13-08-2019
174,Simran Sharma,47,bangalore     ,8,11-12-2022
175,Sachin Iyer,37,delhi,9,20-03-2019
176,Ritu Mehta,26,Hyderabad,3,07-01-2022
177,Nikita Mehta,40,Delhi,5,09-07-2021
178,Vikas Tiwari,39,Hyderabad,10,18-02-2023
179,Manish Tiwari,32,,8,26-03-2020
180,Swati Gupta,26,Hyderabad,4,03-08-2018
181,Ankit Jain,44,   Chennai,6,01-02-2021
182,Amit Saxena,24,Chennai,7,12-05-2020
183,Swati Mishra,21,Bangalore,1,29-11-2018
184,Swati Patil,30,Delhi,6,12-04-2018
185,Pooja Tiwari,25,Bangalore,8,15-11-2020
186,Nikita Kapoor,50,Hyderabad,7,22-07-2022
187,Vikas Singh,36,Hyderabad,10,15-06-2018
188,  Ritu Chauhan,,Bangalore,8,30-08-2022
189,Nikita Patil,21,Chennai,5,01-01-2022
190,Amit Reddy,33,Delhi,7,14-07-2022
191,Sachin Jain,48,Pune,4,14-02-2018
192,Rohit Nair,43,Bangalore,7,16-04-2021
193,,30,Mumbai,4,11-04-2020
194,Neha Arora,25,bangalore,8,31-03-2020
195,Meena Jain,49,Mumbai,5,04-03-2019
196,,27,Hyderabad,7,13-04-2018
197,Rahul Mehta,28,Mumbai,2,30-07-2018
198,Sachin Jain,27,Bangalore,5,10-12-2020
199,Meena Iyer,25,Chennai,1,14-12-2022
200,Ritu Kumar,30,Mumbai,5,19-01-2020
201,Ritu Verma,37,Bangalore,10,26-05-2023
202,Rohit Pandey,42,Bangalore,5,02-04-2021
203,Swati Kaur,44,delhi,8,16-01-2018
204,Nikita Yadav,33,Delhi,10,28-03-2022
205,Priya Arora,37,,8,23-02-2023
206,Amit Chauhan,24,Mumbai,6,02-04-2019
207,Rahul Reddy,24,Bangalore,7,04-02-2019
208,Ritu Pandey,25,Pune,2,20-01-2020
209,Rohit Yadav,26,Pune,9,21-07-2019
210,Nikita Pandey,38,Delhi,4,13-05-2019
211,Ritu Arora,37,,8,15-10-2018
212,Priya Tiwari,37,Hyderabad,7,01-05-2021
213,Sneha Verma,44,Pune,8,10-08-2020
214,Meena Verma,32,Chennai,10,20-10-2019
215,Swati Jain,46,Chennai,3,16-02-2023
216,Sachin Saxena,,Chennai,2,01-04-2020
217,Nikita Mishra,33,,3,17-01-2019
218,Nikita Reddy,43,Delhi,6,23-03-2018
219,,25,Chennai,1,08-12-2020
220,Priya Kaur,43,Mumbai,1,29-12-2020
221,Sachin Chauhan,47,,2,20-12-2019
222,Amit Iyer,33,Delhi,8,31-07-2018
223,Simran Mishra,,Hyderabad,8,27-05-2022
224,Manish Saxena,40,Pune,8,23-09-2019
225,,30,Pune,4,27-03-2021
226,Arjun Patil,23,Bangalore,2,12-08-2022
227,Rahul Gupta,30,mumbai,1,25-02-2020
228,Sneha Singh,49,Chennai,1,05-04-2022
229,Simran Chauhan,39,Chennai,8,05-12-2019
230,Rahul Reddy,23,Bangalore,9,03-09-2020
231,Nikita Sharma,36,Chennai,3,07-10-2021
232,Ashish Patil,29,Hyderabad,1,15-08-2022
233,Ritu Gupta,46,Chennai,6,12-05-2023
234,Ankit Tiwari,46,Bangalore,8,12-10-2018
235,Kavita Mehta,48,Hyderabad,1,08-07-2021
236,Deepak Verma,36,mumbai,4,06-08-2022
237,Nikita Kaur,43,Hyderabad,3,27-02-2019
238,Nikita Mishra,25,Bangalore,4,30-05-2019
239,,33,Delhi,1,11-12-2019
240,Swati Patil,40,delhi,4,06-07-2020
241,,26,Hyderabad,10,30-08-2019
242,Swati Tiwari,30,Chennai,6,29-10-2020
243,Nikita Arora,50,Bangalore,5,02-03-2021
244,Vikas Patil,29,Delhi,8,12-08-2019
245,Pooja Kapoor,30,Chennai,10,30-12-2020
246,Swati Mehta,41,Hyderabad,1,18-06-2023
247,Ashish Arora,38,Bangalore,8,07-11-2019
248,Sneha Chauhan,28,Hyderabad,4,26-08-2021
249,Nikita Mishra,24,Hyderabad,9,03-11-2018
250,Vikas Pandey,50,Hyderabad,1,04-03-2020
251,Ritu Reddy,29,Delhi,1,12-02-2022
252,,45,Bangalore,7,30-03-2019
253,,47,Hyderabad,3,31-01-2019
254,Ritu Iyer,23,Delhi,7,26-10-2019
255,Ankit Kapoor,24,Hyderabad,4,29-01-2018
256,Deepak Singh,23,Mumbai,6,01-05-2020
257,Nikita Iyer,27,Pune,8,10-12-2022
258,Nikita Verma,32,Hyderabad,4,26-06-2022
259,Priya Chauhan,33,Pune,9,18-08-2022
260,Arjun Iyer,40,Mumbai,10,19-11-2022
261,Neha Mehta,45,Hyderabad,2,27-04-2021
262,Manish Sharma,27,Bangalore,8,15-01-2019
263,Rohit Chauhan,39,Bangalore,10,24-04-2018
264,Manish Sharma,35,Pune,6,05-05-2022
265,Ankit Yadav,35,Hyderabad,2,16-10-2022
266,Deepak Chauhan,,Bangalore,5,28-02-2021
267,Neha Sharma,27,,9,12-02-2023
268,Amit Patil,42,delhi,7,13-03-2023
269,Ankit Kaur,30,Delhi,7,13-05-2022
270,Rohit Nair,46,Pune,7,29-03-2019
271,Rohit Mehta,28,,4,29-10-2018
272,Sneha Verma,28,Delhi,5,09-11-2022
273,Kavita Sharma,36,Hyderabad,7,06-03-2022
274,,31,Pune,2,03-05-2021
275,Priya Chauhan,49,Mumbai,3,12-04-2023
276,Sneha Gupta,24,Pune,8,01-05-2022
277,Ashish Kaur,46,Bangalore,9,20-12-2022
278,Manish Singh,21,Pune,5,25-03-2023
279,Ankit Sharma,39,Chennai,10,24-09-2021
280,Vikas Yadav,29,Hyderabad,9,07-01-2023
281,Pooja Tiwari,50,mumbai,3,18-11-2018
282,Arjun Arora,42,Hyderabad,7,15-11-2019
283,Rahul Saxena,38,Mumbai,7,05-09-2022
284,Sachin Iyer,46,Chennai,10,24-04-2023
285,Amit Jain,30,mumbai,6,12-04-2018
286,Deepak Reddy,40,Pune,2,10-12-2020
287,Rohit Kaur,38,Hyderabad,9,07-12-2019
288,Rohit Pandey,31,Mumbai,7,01-01-2020
289,Swati Iyer,34,Chennai,4,28-01-2022
290,Ashish Jain,48,Hyderabad,8,23-10-2021
291,Simran Iyer,31,Bangalore,6,07-01-2018
292,Deepak Arora,33,Delhi,1,22-11-2020
293,Rohit Verma,49,Chennai,8,05-03-2022
294,Nikita Sharma,27,Bangalore,4,31-12-2021
295,Simran Reddy,,Hyderabad,1,13-03-2022
296,Deepak Pandey,32,Hyderabad,1,11-05-2023
297,Ankit Saxena,47,Chennai,6,14-03-2020
298,Nikita Kaur,30,Chennai,5,02-08-2022
299,Ankit Kaur,23,Mumbai,3,07-03-2023
300,Sneha Chauhan,36,Mumbai,2,02-05-2020
301,Nikita Nair,45,Bangalore,4,26-03-2021
302,Meena Jain,34,Pune,3,26-08-2022
303,,35,Bangalore,5,30-01-2019
304,Deepak Yadav,46,Mumbai,10,06-06-2020
305,Meena Kumar,22,Pune,4,14-07-2021
306,Ankit Verma,31,Pune,10,29-03-2021
307,Nikita Kumar,41,Bangalore,7,21-03-2019
308,Rahul Mishra,37,Bangalore,1,30-08-2018
309,Sneha Tiwari,26,Bangalore,4,05-09-2019
310,Priya Kapoor,46,Chennai,2,14-12-2020
311,Sachin Patil,31,Hyderabad,5,20-02-2022
312,Rahul Mishra,26,Delhi,10,30-08-2018
313,Deepak Kaur,36,Chennai,5,21-05-2018
314,Ankit Gupta,36,Pune,7,17-07-2018
315,Ritu Chauhan,22,Chennai,1,05-09-2019
316,Kavita Kapoor,32,Hyderabad,9,30-05-2019
317,Amit Pandey,34,Hyderabad,7,27-01-2023
318,,,mumbai,8,17-02-2020
319,Meena Iyer,43,Bangalore,6,27-08-2018
320,Arjun Chauhan,23,Chennai,9,27-07-2022
321,,21,Chennai,6,01-04-2018
322,Priya Singh,27,Pune,2,19-05-2022
323,,39,Pune,8,11-11-2021
324,Pooja Kaur,42,Delhi,1,05-03-2018
325,Meena Mehta,34,Mumbai,1,24-05-2019
326,Neha Singh,21,Pune,10,25-08-2020
327,Ankit Kaur,38,Mumbai,10,18-05-2021
328,Pooja Yadav,48,Hyderabad,2,11-01-2021
329,Ankit Saxena,29,,9,10-04-2019
330,Vikas Jain,22,Pune,7,19-06-2021
331,Rahul Kaur,25,Delhi,1,06-09-2018
332,Arjun Mishra,21,Pune,10,28-09-2022
333,Ashish Yadav,31,Pune,6,02-09-2019
334,Rahul Chauhan,31,Chennai,8,15-04-2023
335,Deepak Reddy,45,Bangalore,10,08-06-2022
336,Nikita Iyer,33,Pune,10,25-06-2021
337,Vikas Yadav,36,bangalore,10,23-04-2019
338,Arjun Tiwari,31,,3,07-07-2018
339,Manish Yadav,40,Delhi,2,23-09-2022
340,Sachin Jain,32,Pune,5,17-11-2022
341,Meena Arora,37,Delhi,1,14-03-2023
342,Deepak Nair,24,mumbai,8,14-06-2022
343,Neha Kumar,46,Hyderabad,9,12-09-2018
344,Vikas Kapoor,23,Hyderabad,1,01-05-2019
345,Deepak Arora,32,Hyderabad,5,05-02-2022
346,Priya Reddy,34,mumbai,5,10-07-2020
347,Ankit Sharma,,Hyderabad,8,08-08-2019
348,Pooja Tiwari,29,Pune,5,30-01-2018
349,Simran Reddy,28,Chennai,7,10-05-2020
350,Deepak Jain,30,Delhi,8,15-10-2020
351,Rohit Singh,21,Mumbai,9,06-05-2020
352,Ashish Saxena,43,pune,3,14-10-2019
353,Ashish Patil,45,Pune,6,14-12-2018
354,Meena Sharma,50,Chennai,5,27-02-2019
355,Neha Sharma,49,Bangalore,4,25-04-2019
356,Priya Verma,30,Mumbai,5,30-10-2021
357,Neha Pandey,36,,9,17-08-2020
358,Kavita Kapoor,36,Pune,5,29-12-2020
359,Ankit Mehta,48,Chennai,9,12-12-2019
360,Vikas Singh,,Chennai,2,04-05-2023
361,Simran Sharma,29,Delhi,4,14-07-2018
362,Arjun Gupta,37,Bangalore,10,20-06-2023
363,Ritu Tiwari,50,Hyderabad,7,17-07-2020
364,Ashish Chauhan,48,Pune,1,15-01-2019
365,Ashish Kaur,25,Hyderabad,5,20-04-2018
366,Rahul Mishra,30,Pune,7,26-02-2020
367,Meena Kaur,21,Chennai,7,06-01-2022
368,,25,Chennai,4,14-04-2021
369,Priya Jain,48,Bangalore,2,03-08-2020
370,Manish Chauhan,25,pune,2,01-09-2020
371,Arjun Nair,24,,8,30-05-2021
372,Sachin Chauhan,43,Pune,5,02-06-2020
373,Amit Verma,44,Chennai,2,04-11-2021
374,Amit Nair,34,Chennai,10,19-02-2019
375,Kavita Sharma,37,Hyderabad,9,24-04-2022
376,Sachin Patil,39,Mumbai,2,05-10-2018
377,Rahul Kaur,22,Hyderabad,8,04-01-2020
378,Meena Singh,42,Pune,3,14-09-2018
379,Kavita Jain,47,Delhi,5,21-06-2019
380,Deepak Yadav,39,Pune,8,21-11-2022
381,Ashish Singh,27,Chennai,9,05-10-2020
382,Sachin Singh,47,Bangalore,1,13-04-2022
383,Neha Iyer,23,Pune,6,01-04-2018
384,Vikas Jain,22,Hyderabad,8,05-12-2021
385,Simran Pandey,44,Pune,7,25-06-2021
386,Rahul Mishra,38,Mumbai,1,09-06-2020
387,Simran Kapoor,,Pune,4,13-08-2018
388,Amit Kapoor,43,Pune,5,26-06-2021
389,Ankit Kapoor,28,Pune,7,31-10-2019
390,Sneha Mehta,48,chennai,7,16-01-2018
391,,31,Mumbai,9,01-10-2021
392,Sachin Yadav,50,delhi,6,30-04-2023
393,Sneha Nair,21,mumbai,8,05-04-2018
394,Deepak Kapoor,30,Pune,6,28-04-2019
395,,44,Hyderabad,1,10-05-2022
396,Nikita Pandey,38,Chennai,6,22-05-2023
397,Kavita Singh,30,Mumbai,2,29-10-2022
398,Priya Mehta,27,delhi,3,19-10-2018
399,Simran Mishra,48,Delhi,5,01-08-2020
400,Sachin Reddy,41,chennai,8,20-03-2022
401,Ritu Gupta,38,,10,04-03-2023
402,Amit Yadav,33,Pune,2,01-02-2023
403,Arjun Tiwari,50,Delhi,4,10-09-2021
404,Rohit Arora,50,Pune,5,09-02-2023
405,Ankit Arora,21,mumbai,4,16-02-2022
406,Vikas Saxena,29,Pune,4,11-04-2020
407,Manish Verma,46,Pune,8,21-12-2021
408,Vikas Reddy,22,Delhi,6,21-01-2020
409,Amit Pandey,24,Delhi,8,05-11-2022
410,Amit Verma,32,bangalore,2,26-10-2019
411,Nikita Tiwari,49,Pune,1,19-02-2021
412,Sneha Pandey,22,Pune,10,25-10-2019
413,Arjun Gupta,37,Chennai,7,14-09-2021
414,Ankit Yadav,49,Hyderabad,2,07-10-2021
415,Meena Mishra,25,Chennai,9,09-07-2020
416,Kavita Iyer,31,Bangalore,8,26-08-2022
417,Ritu Nair,24,chennai,7,27-07-2020
418,Deepak Sharma,26,delhi,6,01-03-2019
419,Sachin Reddy,35,Bangalore,6,18-12-2022
420,Meena Chauhan,,Bangalore,4,09-08-2019
421,Meena Singh,23,Delhi,6,21-01-2020
422,Kavita Saxena,28,Bangalore,2,21-09-2022
423,Nikita Arora,35,Bangalore,2,21-12-2021
424,Neha Reddy,43,Chennai,8,07-09-2018
425,,23,Pune,3,20-10-2019
426,Simran Saxena,49,Mumbai,8,21-04-2021
427,Ritu Iyer,41,Pune,1,16-08-2019
428,Arjun Gupta,,Chennai,2,21-09-2019
429,,43,Pune,7,24-10-2021
430,Nikita Kaur,40,Hyderabad,2,14-02-2022
431,Nikita Kumar,37,Hyderabad,9,08-04-2022
432,Sachin Mehta,23,Chennai,2,19-11-2019
433,Vikas Tiwari,23,Pune,4,18-09-2020
434,Ritu Yadav,45,Hyderabad,6,18-12-2019
435,Manish Saxena,44,Hyderabad,5,08-05-2018
436,Arjun Kapoor,28,Hyderabad,5,08-01-2018
437,Pooja Mishra,21,Mumbai,5,03-08-2022
438,,33,Pune,4,28-07-2019
439,Sachin Sharma,24,Mumbai,2,07-04-2023
440,Arjun Kaur,,Bangalore,5,31-05-2019
441,Sneha Kumar,45,Pune,6,03-02-2019
442,Simran Jain,50,Mumbai,9,30-08-2021
443,Sneha Yadav,49,Chennai,3,05-02-2022
444,Ankit Mehta,38,Hyderabad,1,22-10-2018
445,Rahul Tiwari,25,bangalore,4,29-09-2021
446,Meena Kapoor,40,Mumbai,5,24-01-2021
447,Manish Gupta,47,Delhi,5,11-06-2021
448,Priya Verma,41,Delhi,5,14-06-2019
449,Ashish Arora,32,Pune,1,24-06-2023
450,Arjun Verma,37,Hyderabad,7,12-03-2022
451,Manish Gupta,36,Chennai,6,25-03-2019
452,Nikita Mehta,42,Bangalore,4,13-01-2021
453,Neha Iyer,45,Pune,5,04-08-2018
454,Pooja Arora,44,pune,6,16-06-2018
455,Rohit Kaur,42,Delhi,3,13-05-2018
456,Simran Arora,47,Chennai,4,06-01-2022
457,Amit Verma,26,NULL,5,04-01-2023
458,Priya Jain,27,Bangalore,7,28-04-2020
459,Sachin Saxena,22,hyderabad,4,05-11-2019
460,Neha Kaur,,Pune,9,30-05-2020
461,Rahul Jain,31,Hyderabad,3,03-12-2022
462,Priya Chauhan,33,pune,2,14-01-2019
463,Manish Arora,32,chennai,6,11-03-2023
464,NULL,40,Chennai,3,19-03-2023
465,Ankit Saxena,46,Bangalore,5,09-06-2020
466,Ankit Yadav,,Hyderabad,1,01-04-2018
467,Amit Nair,48,Mumbai,4,13-06-2018
468,Sachin Chauhan,22,,8,22-06-2023
469,Rohit Chauhan,,,6,16-08-2021
470,Sneha Chauhan,22,Pune,7,18-09-2018
471,,,Chennai,8,26-10-2018
472,Kavita Singh,38,Delhi,5,28-09-2021
473,Neha Yadav,31,Delhi,10,08-06-2020
474,Nikita Singh,40,,5,20-06-2022
475,Manish Saxena,28,Pune,8,15-01-2020
476,Priya Mishra,40,delhi,4,04-08-2021
477,Priya Mehta,39,Pune,3,27-08-2020
478,Manish Patil,47,Delhi,5,09-07-2022
479,Ritu Iyer,24,Hyderabad,9,14-10-2020
480,,30,Hyderabad,4,02-03-2019
481,Rohit Iyer,27,Bangalore,2,30-03-2019
482,Priya Singh,49,Delhi,8,23-05-2018
483,Pooja Iyer,46,Pune,7,03-11-2021
484,Priya Mishra,26,Hyderabad,8,12-03-2022
485,Swati Kumar,36,Hyderabad,7,23-10-2021
486,Meena Sharma,22,delhi,10,23-08-2020
487,Arjun Kapoor,40,Mumbai,8,16-06-2022
488,Neha Patil,41,Hyderabad,9,10-03-2021
489,Ashish Mehta,49,Pune,4,30-08-2019
490,Arjun Mehta,34,Hyderabad,10,29-01-2020
491,Swati Kapoor,47,Mumbai,6,20-02-2019
492,Ankit Kapoor,44,delhi,4,14-05-2019
493,Vikas Mehta,21,,4,14-02-2019
494,Amit Reddy,49,,8,19-02-2019
495,Neha Reddy,40,Delhi,3,13-01-2023
496,Nikita Tiwari,41,Delhi,5,12-12-2018
497,Kavita Kumar,30,bangalore,3,01-03-2020
498,Pooja Kumar,50,Pune,3,04-04-2022
499,Ritu Iyer,30,Delhi,8,18-10-2020
500,Amit Sharma,33,Delhi,9,28-02-2019
418,Deepak Sharma,26,delhi,6,01-03-2019
176,Ritu Mehta,26,Hyderabad,3,07-01-2022
313,Deepak Kaur,36,NULL,5,21-05-2018
449,Ashish Arora,32,Pune,1,24-06-2023
231,NULL,36,Chennai,3,07-10-2021
124,Nikita Sharma,48,Bangalore,1,08-10-2018
26,Sneha Reddy,34,Bangalore,5,11-02-2019
461,Rahul Jain,31,Hyderabad,3,03-12-2022
202,Rohit Pandey,42,Bangalore,5,02-04-2021
37,Deepak Sharma,37,Pune,5,09-04-2020
183,Swati Mishra,21,Bangalore,1,29-11-2018
89,Meena Pandey,,Pune,1,22-09-2018
321,,21,Chennai,6,01-04-2018
465,Ankit Saxena,46,Bangalore,5,09-06-2020
480,,30,Hyderabad,4,02-03-2019
371,Arjun Nair,24,,8,30-05-2021
106,Sneha Kapoor,26,Mumbai,8,21-12-2021
290,Ashish Jain,48,Hyderabad,8,23-10-2021
22,Ritu Jain,26,Delhi,2,09-05-2019
198,Sachin Jain,27,NULL,5,10-12-2020
